country_OEL;fulltitle;Situational;Averagelength;Proportion
Belgium/Flanders;Baxter - H2O;Time;19.25;100
Belgium/Flanders;Bessy  - Ondergang in de grot;Time;7.65;98.07692308
Belgium/Flanders;Bessy Natuurkommando - De nacht van de schildpad;Time;9.5;99.34640523
Belgium/Flanders;Biebel - De Doos;Time;38.25;100
Belgium/Flanders;De avonturen van Johan en Stefan - De Zondebokken;Time;146;97.98657718
Belgium/Flanders;De avonturen van Jommeke - De muzikale Bella;Time;17.11111111;99.35483871
Belgium/Flanders;De avonturen van Nero en Co - De brief aan Nasser;Time;11.28571429;50
Belgium/Flanders;De avonturen van Nero en Co - De hoorn des overvloeds;Time;20.25;100
Belgium/Flanders;De Avonturen van Urbanus - Tegen de Dikkenekken;Time;13.66666667;50.93167702
Belgium/Flanders;De Kiekeboes - Vluchtmisdrijf;Time;16.77777778;100
Belgium/Flanders;De Kriegels - Happy Halloween, Mister Zablowski;Time;7.4;98.66666667
Belgium/Flanders;De Rode Ridder - Het gebroken zwaard;Time;24;45.85987261
Belgium/Flanders;De rode ridder - Kerwyn de Magiër;Time;11;99.35483871
Belgium/Flanders;De Spookjes - Spoken en piraten;Time;21.14285714;98.01324503
Belgium/Flanders;De Vrolijke Bengels;Time;8;100
Belgium/Flanders;Detective Van Zwam - Het Geheim van Matsuoka;Time;25.66666667;98.71794872
Belgium/Flanders;F.C. De Kampioenen - Miss Moeial;Time;15.2;98.06451613
Belgium/Flanders;FC Schwalbe - Daar is 'm ;Time;7.894736842;99.33774834
Belgium/Flanders;Het Grote Kabouter Wesley Boek;Time;21;100
Belgium/Flanders;Jan Zonder Vrees;Time;151;100
Belgium/Flanders;Jerom - De bronzen kabouter;Time;10.64285714;99.33333333
Belgium/Flanders;Jommeke - Het piepend bed;Time;12;23.37662338
Belgium/Flanders;K3 - De hoed van Ya Ya Yippee;Time;20.33333333;39.61038961
Belgium/Flanders;Kari Lente & Co;Time;16;42.66666667
Belgium/Flanders;Meesterwerken in Beeld - Robinson Crusoë;Time;91;100
Belgium/Flanders;Otto - Op hete kolen;Time;37.75;100
Belgium/Flanders;Piet Pienter en Bert Bibber - Invasie uit het heelal;Time;10.92857143;95.625
Belgium/Flanders;Samson & Gert - De Vliegsiroop;Time;21.85714286;100
Belgium/Flanders;Sloeber - Het Komplot;Time;16.52631579;100
Belgium/Flanders;Suske en Wiske - De Poenschepper;Time;12.23076923;98.75776398
Belgium/Flanders;Suske en Wiske - De snorrende snor;Time;26.5;100
Belgium/Flanders;Suske en Wiske - De sprietatoom;Time;15.33333333;29.48717949
Belgium/Flanders;Suske en Wiske - Het geheim van de Kalmhoutse heide;Time;19.5;100
Belgium/Flanders;Suske en Wiske - Op het eiland Amoras;Time;5.5;7.236842105
Belgium/Flanders;Suske en Wiske - Rikki en Wiske;Time;38;100
Belgium/Flanders;Thomas Pips - De rode Heks;Time;2.5;3.246753247
Belgium/Flanders;W817 - Een keivet akke-fietje;Time;15.1;99.34210526
Belgium/Flanders;Waterland - Onweer;Time;8.8;96.35036496
Belgium/Flanders;Weer over naar jou;Time;9;46.75324675
Belgium/Flanders;Willeke - De draak van Kokoluput;Time;3.888888889;11.51315789
China;1/2 Prince;Time;2.857142857;60
China;Divine Melody;Time;6.909090909;80
China;Heaven Sword and Dragon Sabre  - The King of Gold Lion-Zhune Shai;Time;22.85714286;99.37888199
China;Mega Dragon & Tiger Future Kung Fu Action;Time;4.03030303;86.92810458
China;Saint Legend;Time;7.075;90.12738854
China;SNK vs. Capcom: SVC Chaos;Time;4.517241379;87.33333333
China;Storm Riders;Time;5.489795918;91.18644068
China;SVC Chaos: SNK vs Capcom ;Time;3.272727273;81.81818182
China;The King of Fighters;Time;7.65;96.83544304
China;The King of Fighters: 2003;Time;5.206896552;92.07317073
China;Tiger x Crane Record of the Demon Master;Time;3.842105263;60.33057851
China;Xiewang Lin Jie;Time;3.987654321;94.72140762
China;Yin Zhi Shoumuren (Silver Gravekeeper);Time;2.384615385;43.05555556
France;Abélard - Une brčve histoire de poussičre et de cendre;Time;2;8.791208791
France;Alter Ego;Time;9.125;46.79487179
France;Catman - Une aventure de Cliff Burton;Time;8.305555556;96.4516129
France;Child of the Storm;Time;18.18181818;99.00990099
France;Donjon - La Fin du Donjon;Time;11.04545455;44.66911765
France;Final Incal;Time;15;98.7804878
France;La Vie En Rose - La Derničre Pluie;Time;8.333333333;99.33774834
France;La Voyageuse de Petite Ceinture;Time;14.5;47.38562092
France;Le Cahier ŕ Fleurs - Mauvaise Orchestration;Time;5.307692308;90.19607843
France;Le Muret;Time;20.42857143;97.94520548
France;Le Soldat;Time;22.875;99.45652174
France;LoRaNnE - Frisco;Time;8.054054054;93.71069182
France;Marsupilami: Sur la piste du Marsupilami;Time;2.1;11.90926276
France;Metabarons Genesis: Castaka;Time;10.83333333;65.65656566
France;Notre Dame - Le Jour des Fous;Time;6.323529412;68.47133758
France;Percy Shelley;Time;3.814814815;70.54794521
France;Pietrolino;Time;6.5;97.27891156
France;Screaming Planet - Eucharist Sun;Time;13.5;100
France;Screaming Planet - The Guilt;Time;22;93.61702128
France;Screaming Planet - The Invasion;Time;19.625;99.36708861
France;Screaming Planet - The Last Word;Time;8.75;97.22222222
France;Skipper - Somalia;Time;29.8;98.67549669
France;Trans-Amazonie - La Chute du Masque;Time;30;100
France;Tsunami;Time;12.28571429;92.47311828
France;Une Folie Trčs Ordinaire;Time;5.6;15.38461538
Germany; Larry Potter;Time;15;98.68421053
Germany;Die Band;Time;5.206896552;48.70967742
Germany;Fix und Foxi;Time;15.1;100
Germany;König Kobra;Time;3.794117647;83.22580645
Germany;Moga Mobo;Time;19.125;34.69387755
Germany;Mulle - Das Beliebteste Pferd der Welt;Time;5;100
Germany;Mulle - Das geplagteste Pferd der Welt;Time;5;100
Germany;Mulle - Das lauteste Pferd der Welt;Time;5;100
Germany;Mulle - Das sportlichste Pferd der Welt;Time;5;100
Germany;Mulle - das Teufelspferd;Time;19;100
Germany;Mulle - Das Turbo-Pferd;Time;11;100
Germany;Mulle - Das ungluecklichste Pferd der Welt;Time;5;100
Germany;Mulle - Das verfressenste Pferd der Welt;Time;5;100
Germany;Mulle - Das verrueckteste Pferd der Welt;Time;5;100
Germany;Mulle - im Rueckwaertsgang;Time;18;100
Germany;Mulle - Mulle dreht voll auf;Time;16.33333333;98
Germany;Mulle - wird spruchreif;Time;24;100
Germany;Operation Odin;Time;14.45454545;98.75776398
Germany;Werner;Time;25.16666667;98.69281046
Japan;12 sai. ~Kokoro~;Time;9.851851852;93.66197183
Japan;Absolute Boyfriend;Time;7.192307692;93.5
Japan;Ahiru No Sora;Time;6.923076923;87.37864078
Japan;Air Gear;Time;2.924528302;71.10091743
Japan;Ansatsu Kyoushitsu;Time;4.473684211;89.78873239
Japan;Ao no Exorcist;Time;2.928571429;73.21428571
Japan;Ashi-Girl;Time;4.222222222;59.375
Japan;Assassination Classroom;Time;5.592592593;79.89417989
Japan;Attack on Titan;Time;7.272727273;88.88888889
Japan;Baby and Me;Time;16;96.96969697
Japan;Baby Steps;Time;4;80.8988764
Japan;Beelzebub;Time;2.685714286;49.21465969
Japan;Big Windup!;Time;7.8;83.87096774
Japan;Billy Bat;Time;7.916666667;95.95959596
Japan;Bleach;Time;6.868421053;92.22614841
Japan;Blue Something;Time;3.271186441;75.98425197
Japan;Bread & Butter;Time;3.5;75.67567568
Japan;Cage of Eden;Time;2.476923077;54.94880546
Japan;Captain Tsubasa;Time;3.5;70
Japan;Chairman Shima Kosaku;Time;6.388888889;91.26984127
Japan;Claymore;Time;3.62962963;68.77192982
Japan;Clover: Trefle;Time;6.105263158;58.58585859
Japan;Crimson Hero;Time;4.8;82.75862069
Japan;D.N. Angel;Time;5.5;90.16393443
Japan;Dolly Kanon;Time;6.871794872;91.46757679
Japan;Dragon Ball;Time;8.666666667;94.54545455
Japan;Fairy Tail;Time;2.908045977;59.38967136
Japan;Gangoose;Time;5.6;82.35294118
Japan;Giant Killing;Time;3.611111111;67.01030928
Japan;Gintama;Time;5.125;77.35849057
Japan;Gurazeni;Time;8.148148148;92.43697479
Japan;Haikyu!!;Time;3.36;69.4214876
Japan;Haikyuu!!;Time;5.055555556;89.65517241
Japan;Hikaru No Go;Time;6.375;96.22641509
Japan;History's Strongest Disciple Keichi;Time;3.288888889;74.74747475
Japan;HunterXHunter;Time;5.666666667;84.15841584
Japan;Ihoujin;Time;6.6;92.4
Japan;Iromen ~Juunintoiro~;Time;6.666666667;96.96969697
Japan;Kakukaku Shikajika;Time;8.4;84.84848485
Japan;Kimi No Iru Machi;Time;2.735294118;51.0989011
Japan;Kimi wa Sora no Subete;Time;6.611111111;78.03278689
Japan;Kocchi Muite! Miiko;Time;25.16666667;99.34210526
Japan;Kou no Dori;Time;9.315789474;89.39393939
Japan;Kuroko no Basket;Time;3.529411765;71.42857143
Japan;Kuroko's Basketball;Time;4.3125;71.50259067
Japan;Kyo wa Kaisha Yasumimasu;Time;5.033333333;77.83505155
Japan;love?com;Time;6.837209302;93.03797468
Japan;Magi: The Labyrinth of Magic;Time;2.765957447;55.31914894
Japan;Marmalade Boy Little;Time;4.020408163;79.43548387
Japan;Moment -Eien no Isshun;Time;4.258064516;89.18918919
Japan;Nana;Time;5.764705882;98
Japan;Naruto;Time;8.257142857;91.74603175
Japan;Nisekoi;Time;3.846153846;77.88161994
Japan;One Piece;Time;6.146341463;81.81818182
Japan;One Punch-Man ;Time;2.977777778;69.79166667
Japan;Oyasumi Memories;Time;9.333333333;99.29078014
Japan;Poison Berry in my Brain;Time;5.857142857;89.13043478
Japan;Psyren;Time;5.0625;81
Japan;Regalo;Time;5.052631579;80
Japan;Rurouni Kenshin;Time;6.166666667;72.54901961
Japan;Saireen;Time;3;87
Japan;Saiyuki;Time;8.555555556;95.0617284
Japan;Shokugeki No Soma;Time;3.808988764;71.36842105
Japan;Slam Dunk;Time;5;69.76744186
Japan;The Prince of Tennis;Time;4.384615385;79.16666667
Japan;The World God Only Knows;Time;3.235294118;75.60137457
Japan;Touch;Time;5.117647059;79.09090909
Japan;Trinity Seven;Time;3.458333333;74.77477477
Japan;Vagabond;Time;3.942857143;72.63157895
Japan;Yu-Gi-Oh! 5D's;Time;5.774193548;86.05769231
Korea;9 Faces of Love - Return of Princess Rouana;Time;5.452380952;92.71255061
Korea;Aegis;Time;6.791666667;95.88235294
Korea;Boy of the Female Wolf;Time;4.363636364;93.2038835
Korea;Emperor's Castle;Time;3.708333333;69.53125
Korea;He was Cool;Time;11.16666667;93.70629371
Korea;In The Starlight;Time;4.303030303;87.11656442
Korea;Invincible Yeonbyeongeol;Time;14.4;98.63013699
Korea;Kingdom of the Winds;Time;5.153846154;98.52941176
Korea;Kwaidan;Time;5.125;89.13043478
Korea;Lie to Me;Time;5.2;93.97590361
Korea;The Breaker New Waves;Time;3.653846154;93.1372549
Korea;The Color of Earth;Time;10.36363636;100
Korea;The Great Catsby;Time;4.347826087;71.42857143
Korea;Zero/Six;Time;4.222222222;80.28169014
Korea;Zippy Ziggy;Time;10.57142857;94.87179487
Netherlands;Agent 327 - Dossier zevenslaper;Time;10.23076923;43.75
Netherlands;Alle verhalen van Olie B. Bommel en Tom Poes - Zoals een Bommel betaamt;Time;12.5;100
Netherlands;Alleen op de wereld;Time;155;100
Netherlands;Ambrosius - De gefleste geesten;Time;11.75;30.12820513
Netherlands;Baron van Tast tot Zeveren;Time;30;100
Netherlands;Blook - De supermolekuul;Time;26;49.05660377
Netherlands;Claudia Brucken - Operatie Sneeuw;Time;14.76190476;100
Netherlands;De Argonautjes - De Onderwereld;Time;7.333333333;28.57142857
Netherlands;De avonturen van Douwe Dabbert - Florijn de Flierefluiter;Time;5.5;14.1025641
Netherlands;De avonturen van Johan en Stefan - De Zondebokken;Time;21;98.65771812
Netherlands;De avonturen van Pinkie Pienter - Koning Neptunus helpt Pinkie;Time;10;46.05263158
Netherlands;De avonturen van Pinkie Pienter - Vreemde bezoekers uit het heelal;Time;25.16666667;100
Netherlands;De Familie Doorzon - Het geslacht doorzon;Time;11.76923077;100
Netherlands;De Nakomertjes - Nooit meer uitslapen!;Time;8.105263158;100
Netherlands;De ontdekking;Time;43.4;71.85430464
Netherlands;De Ruyter - De Engelsen komen!;Time;7.947368421;100
Netherlands;Dick Bos;Time;100;100
Netherlands;Dik van Dieren en zo - De eerste 11 zaken;Time;29;96.66666667
Netherlands;Don't panic!;Time;10.13333333;100
Netherlands;Een avontuur van Elno - Déjŕ vu in sMon-Thang;Time;6.208333333;99.33333333
Netherlands;Een avontuur van Roel Dijkstra - De superspits;Time;11;36.18421053
Netherlands;Eric de Noorman - De Steen van Atlantis;Time;3.285714286;15.13157895
Netherlands;Franka - Gangsterfilm;Time;12.15384615;99.37106918
Netherlands;In The Pines: 5 murder ballads;Time;19.85714286;100
Netherlands;Jan, Jans en de kinderen;Time;8.458333333;99.83606557
Netherlands;Je geld of je leven;Time;114;100
Netherlands;Joop Klepzeiker;Time;9.058823529;100
Netherlands;Kapitein Rob  - De avonturen van het Zeilschip de Vrijheid;Time;9.3125;98.02631579
Netherlands;Mario en de toverpluisbloem;Time;16.88888889;100
Netherlands;Noortje - Altijd opgeruimd;Time;7.947368421;100
Netherlands;Panda - De olieboertjes;Time;70;100
Netherlands;Quaco - Leven in slavernij;Time;15.6;51.65562914
Netherlands;Rood - Feestje met de regen;Time;4.472222222;100
Netherlands;Sjors & Sjimmie  - Van dik hout;Time;10.78571429;100
Netherlands;Sjors en Sjimmie - Bij de Arabieren;Time;8.058823529;100
Netherlands;Sjors en Sjimmie - De geheimzinnige duikboot;Time;9;98.70967742
Netherlands;Sjors, voorzitter van de Rebellenclub;Time;11.84615385;100
Netherlands;Tom Poes - De liefdadiger;Time;25;100
Netherlands;Tom Poes Weekblad 3 - Tom Poes en de geest in de fles;Time;13.2;97.05882353
Netherlands;Tom Poes Weekblad 3 - Tom Poes ontmoet een oude bekende;Time;24.33333333;98.64864865
Netherlands;Zonder Filter;Time;5.142857143;28.34645669
OEL manga;Assemby;Time;5.407407407;86.9047619
OEL manga;Blue Monday;Time;13.20833333;97.83950617
OEL manga;Chronicles of the Universe;Time;5.736842105;81.64794007
OEL manga;Gigantor - Heart of Steel, Soul of Iron;Time;4.257142857;85.14285714
OEL manga;Gold Digger;Time;12.36363636;98.55072464
OEL manga;Legends From Darkwood;Time;8.645833333;90.02169197
OEL manga;Luftmatte 1946;Time;6.086956522;86.41975309
OEL manga;Myth Warriors;Time;6.090909091;90.54054054
OEL manga;Ninja High School Hawaii;Time;10.61904762;97.37991266
OEL manga;Once in a Blue Moon;Time;7.416666667;95.69892473
OEL manga;OZ The Manga - Council with the Munchkins;Time;5.7;87.24489796
OEL manga;Pride and Prejudice;Time;5.866666667;100
OEL manga;Scott Pilgrim vs. The World;Time;8.333333333;99.43181818
OEL manga;Street Fighter Classic;Time;9.6;94.73684211
OEL manga;The Agents;Time;5.972222222;84.64566929
OEL manga;Tokyo Knights;Time;4.857142857;89.47368421
OEL manga;Twilight X;Time;8.222222222;92.5
Sweden;Bamse: världens starkaste björn - Bamse och Ĺrstidsnyckeln;Time;6.444444444;92.8
Sweden;Bamse: världens starkaste björn - Bamse och Farmors Kista;Time;5.142857143;83.72093023
Sweden;Bamse: världens starkaste björn - Bamse och Jätten Gorm;Time;5.416666667;90.27777778
Sweden;Bamse: världens starkaste björn - Bamse och Trollkarlens Smycke;Time;4.388888889;82.29166667
Sweden;Bamse: världens starkaste björn - Bamse: Sandslottstävlingen;Time;3.857142857;84.375
Sweden;Bamse: världens starkaste björn - Den Mystiska Bilen;Time;6.125;87.5
Sweden;Bamse: världens starkaste björn - Drullevarg Matar Fĺglarna (fastän han inte vill);Time;5.363636364;86.76470588
Sweden;Bamse: världens starkaste björn - Fixare-sorkarna pĺ Stallstigen;Time;4.8;92.30769231
Sweden;Bamse: världens starkaste björn - Katten Jansen och Husmusen Hjälper Till;Time;9;100
Sweden;Bamse: världens starkaste björn - Krosus Gladland II;Time;8.1;92.04545455
Sweden;Bamse: världens starkaste björn - Lille Skutt I Fotbolls-VM;Time;4.1875;80.72289157
Sweden;Bamse: världens starkaste björn - Mini-Hop och Barnvakten;Time;4.111111111;88.0952381
Sweden;Bamse: världens starkaste björn - Om Fotboll;Time;2;25
Sweden;Bamse: världens starkaste björn - Om Sandslott;Time;3;60
Sweden;Bamse: världens starkaste björn - Pellefant: Snöballskriget;Time;4.6;71.875
Sweden;Bamse: världens starkaste björn - Professor Murmeldjur har Brĺttom;Time;4.142857143;96.66666667
Sweden;Bamse: världens starkaste björn - Skalman och Mullvalen;Time;4.705882353;81.63265306
Sweden;Bamse: världens starkaste björn - Sorktyg i Skogen II;Time;5.714285714;95.23809524
Sweden;Bamse: världens starkaste björn - Teddy Blir Detektiv;Time;4.888888889;82.24299065
Sweden;Bamse: världens starkaste björn - Tidsresan: Bamse och de Mystiska Strĺlarna ;Time;5.642857143;94.04761905
Sweden;Bamse: världens starkaste björn - Vargen och Klockkuppen;Time;5.285714286;78.72340426
Sweden;Hälge: Varning för älgskador!;Time;3.321428571;73.22834646
Sweden;Herman Hedning;Time;6.4;83.11688312
USA;1;Time;9.142857143;92.08633094
USA;Action Comics - The Menace of Metallo;Time;3.388888889;84.72222222
USA;Action Comics - The Supergirl from Krypton!;Time;3.65625;74.05063291
USA;Amazing Spider-man - Back in Black;Time;7.055555556;94.07407407
USA;Amazing Spider-Man - Shaw's Gambit;Time;7;95.75471698
USA;Andre the Giant: Life and Legend;Time;9.666666667;88.54961832
USA;Arch Enemies One Hero. One Villan. On Apartment;Time;7.652173913;95.65217391
USA;B.P.R.D. - The Black Flame;Time;11.52941176;96.07843137
USA;Batman The Dark Knight - A Rush of Blood;Time;7.580645161;99.15611814
USA;Batman:The Killing Joke;Time;10.91666667;98.4962406
USA;Black Hood - Crime Goes to College;Time;8;94.11764706
USA;Black Hood - The Case of the Medical Murderer;Time;4;78.68852459
USA;Black Panther - Back to Africa: Part one;Time;7.481481481;97.11538462
USA;Blankets;Time;6.368421053;94.53125
USA;Blessed Thistle;Time;14.33333333;98.62385321
USA;Blue Beetle - Joan;Time;0;0
USA;Blue Beetle - The Man Who Stole 24 Hours;Time;4.818181818;94.64285714
USA;Blue Beetle - The Masks of Mystery;Time;6.125;87.5
USA;Boxers;Time;3.444444444;68.38235294
USA;Brain Boy - Pirates of the Air;Time;5.416666667;84.41558442
USA;Captain America  - Blood Stone;Time;12.71428571;96.73913043
USA;Captain America  - U.S. Agent, Siege, Night of the Scourge part one;Time;6;81.81818182
USA;Captain Atom - The Gremlins from the Planet Blue;Time;3.85;74.75728155
USA;Captain Marvel Adventures - Capt. Marvel -Out West-;Time;22.25;97.8021978
USA;Captain Marvel Adventures - Captain Marvel Battles the Vampire;Time;21.25;94.44444444
USA;Captain Marvel Adventures - Captain Marvel Vs. Z;Time;11.625;96.875
USA;Captain Marvel Adventures - The Monsters of Saturn;Time;7.692307692;95.23809524
USA;"Captain Midnight - ""Secret Sub""";Time;7.142857143;92.59259259
USA;Captain Midnight - The Murder Trap;Time;9.181818182;91.81818182
USA;Constantine - The Spark and the Flame Part 1: The Price We Pay;Time;8.25;89.18918919
USA;Daredevil - Guardian Devil;Time;8.4;94.73684211
USA;Daredevil - The Mysterious Masked Matador;Time;7.8;90
USA;Darkness Resurrection;Time;8.761904762;89.75609756
USA;Deadpool - Bullseye part two;Time;13.14285714;98.92473118
USA;Detective Comics - The Laughing Fish;Time;11.05263158;92.10526316
USA;DMZ Body of a Journalist;Time;6.76;93.88888889
USA;Doll Man - Monster of the Mire;Time;29;96.66666667
USA;Doll Man - The Troll;Time;9.4;95.91836735
USA;Fantastic Four - Skyfall;Time;10.5;92.30769231
USA;Far Arden;Time;2.821428571;66.94915254
USA;Fierce;Time;6.896551724;88.49557522
USA;Green Lantern - No evil shall escape my sight;Time;7.153846154;89.42307692
USA;Green Lantern Corps - Sacrifice of Will;Time;7.857142857;91.66666667
USA;Green Lantern: Rebirth - Rings;Time;11.04347826;97.69230769
USA;Heck;Time;2.512820513;61.63522013
USA;Justice League of America - The Great Identity Crisis!;Time;6.709677419;95.41284404
USA;Lady Luck - Charity Ball;Time;7.142857143;96.15384615
USA;Lady Luck - Pirate Mansion;Time;8.222222222;93.67088608
USA;Lady Luck - The Count;Time;16;100
USA;Lady Luck - The Pyramid Club;Time;5.1;87.93103448
USA;Lars of Mars -  The Terror Weapon;Time;12;98.63013699
USA;Lars of Mars - The Crucial Game;Time;3.727272727;93.18181818
USA;Lars of Mars - The Earthshaker;Time;6;85.71428571
USA;Lars of Mars - The Terror Weapon;Time;6.888888889;84.93150685
USA;Nick Fury Agent of S.H.I.E.L.D. - Who is Scorpio;Time;7.869565217;92.82051282
USA;NorthWest Passage;Time;6.923076923;98.9010989
USA;Plastic Man - The Expander Device;Time;8.181818182;93.75
USA;Rising Stars -  Voices of the Dead Bright;Time;8.714285714;98.91891892
USA;Same Difference;Time;14.16666667;98.26589595
USA;Savage Dragon - The End;Time;7.928571429;97.36842105
USA;Set to Sea;Time;14.22222222;95.52238806
USA;Shackleton Antarctic Odyssey;Time;3.12;54.92957746
USA;Star Wars Empire;Time;5.967741935;96.35416667
USA;Sumo;Time;7.428571429;87.39495798
USA;Superman Batman Absolute Power - Absolute Power;Time;6.6;92.95774648
USA;The Avengers - The Wrath of the Weathermen;Time;6.0625;87.38738739
USA;The Blue Beetle - The MadMen;Time;4.782608696;88
USA;The Flame - Dr. Ivan's Insurance Bombing Racket.;Time;8.212121212;92.80821918
USA;The Flash - Flashing Wheels;Time;4.833333333;81.69014085
USA;The Incredible Hulk - Best Intentions;Time;8.076923077;95.45454545
USA;The Invincible Iron Man - Ten Rings to Rule the World;Time;8.2;94.25287356
USA;The Punisher - Blackout;Time;7.783783784;96.96969697
USA;The Punisher - Do Not Fall in New York City;Time;11.35714286;99.375
USA;The Story of Roberto Clemente;Time;10.07692308;92.90780142
USA;Uncanny X-men;Time;14.5;96.66666667
USA;Venom: Funeral Pyre - High Tension;Time;9.333333333;88.42105263
USA;Wolverine - Not dead yet part;Time;10.71428571;96.15384615
USA;Wonder Woman - His Name is Psycho;Time;8;88.23529412
USA;Wonder Woman - The Huntress;Time;10.4;98.11320755
Belgium/Flanders;Baxter - H2O;Spatial location;5.153846154;87.58169935
Belgium/Flanders;Bessy  - Ondergang in de grot;Spatial location;9.25;94.87179487
Belgium/Flanders;Bessy Natuurkommando - De nacht van de schildpad;Spatial location;5.541666667;86.92810458
Belgium/Flanders;Biebel - De Doos;Spatial location;12.33333333;98.01324503
Belgium/Flanders;De avonturen van Johan en Stefan - De Zondebokken;Spatial location;7.882352941;89.93288591
Belgium/Flanders;De avonturen van Jommeke - De muzikale Bella;Spatial location;5.708333333;88.38709677
Belgium/Flanders;De avonturen van Nero en Co - De brief aan Nasser;Spatial location;5.84;92.40506329
Belgium/Flanders;De avonturen van Nero en Co - De hoorn des overvloeds;Spatial location;8.764705882;92.54658385
Belgium/Flanders;De Avonturen van Urbanus - Tegen de Dikkenekken;Spatial location;5.137931034;92.54658385
Belgium/Flanders;De Kiekeboes - Vluchtmisdrijf;Spatial location;5.259259259;94.0397351
Belgium/Flanders;De Kriegels - Happy Halloween, Mister Zablowski;Spatial location;4.821428571;90
Belgium/Flanders;De Rode Ridder - Het gebroken zwaard;Spatial location;9.933333333;94.9044586
Belgium/Flanders;De rode ridder - Kerwyn de Magiër;Spatial location;7.3;94.19354839
Belgium/Flanders;De Spookjes - Spoken en piraten;Spatial location;5.44;90.06622517
Belgium/Flanders;De Vrolijke Bengels;Spatial location;3.052631579;76.31578947
Belgium/Flanders;Detective Van Zwam - Het Geheim van Matsuoka;Spatial location;9.4375;96.79487179
Belgium/Flanders;F.C. De Kampioenen - Miss Moeial;Spatial location;14.5;93.5483871
Belgium/Flanders;FC Schwalbe - Daar is 'm ;Spatial location;5.384615385;92.71523179
Belgium/Flanders;Het Grote Kabouter Wesley Boek;Spatial location;8.263157895;93.45238095
Belgium/Flanders;Jan Zonder Vrees;Spatial location;6.95;92.05298013
Belgium/Flanders;Jerom - De bronzen kabouter;Spatial location;4.161290323;86
Belgium/Flanders;Jommeke - Het piepend bed;Spatial location;8;98.7012987
Belgium/Flanders;K3 - De hoed van Ya Ya Yippee;Spatial location;11.61538462;98.05194805
Belgium/Flanders;Kari Lente & Co;Spatial location;6.947368421;88
Belgium/Flanders;Meesterwerken in Beeld - Robinson Crusoë;Spatial location;4.529411765;84.61538462
Belgium/Flanders;Otto - Op hete kolen;Spatial location;5.653846154;98
Belgium/Flanders;Piet Pienter en Bert Bibber - Invasie uit het heelal;Spatial location;4.740740741;80
Belgium/Flanders;Samson & Gert - De Vliegsiroop;Spatial location;5.583333333;87.58169935
Belgium/Flanders;Sloeber - Het Komplot;Spatial location;7.095238095;94.9044586
Belgium/Flanders;Suske en Wiske - De Poenschepper;Spatial location;5.518518519;92.54658385
Belgium/Flanders;Suske en Wiske - De snorrende snor;Spatial location;6.217391304;90.50632911
Belgium/Flanders;Suske en Wiske - De sprietatoom;Spatial location;7.684210526;93.58974359
Belgium/Flanders;Suske en Wiske - Het geheim van de Kalmhoutse heide;Spatial location;5.72;91.66666667
Belgium/Flanders;Suske en Wiske - Op het eiland Amoras;Spatial location;5.826086957;88.15789474
Belgium/Flanders;Suske en Wiske - Rikki en Wiske;Spatial location;5.48;90.13157895
Belgium/Flanders;Thomas Pips - De rode Heks;Spatial location;7.615384615;96.42857143
Belgium/Flanders;W817 - Een keivet akke-fietje;Spatial location;8.058823529;90.13157895
Belgium/Flanders;Waterland - Onweer;Spatial location;9.615384615;91.24087591
Belgium/Flanders;Weer over naar jou;Spatial location;8.3125;86.36363636
Belgium/Flanders;Willeke - De draak van Kokoluput;Spatial location;10.77777778;95.72368421
China;1/2 Prince;Spatial location;13.71428571;96
China;Divine Melody;Spatial location;7.4;77.89473684
China;Heaven Sword and Dragon Sabre  - The King of Gold Lion-Zhune Shai;Spatial location;4.266666667;39.7515528
China;Mega Dragon & Tiger Future Kung Fu Action;Spatial location;4.344827586;82.35294118
China;Saint Legend;Spatial location;6.974358974;86.62420382
China;SNK vs. Capcom: SVC Chaos;Spatial location;15.88888889;95.33333333
China;Storm Riders;Spatial location;9.448275862;92.88135593
China;SVC Chaos: SNK vs Capcom ;Spatial location;10.25;93.18181818
China;The King of Fighters;Spatial location;11.61538462;95.56962025
China;The King of Fighters: 2003;Spatial location;12.53846154;99.3902439
China;Tiger x Crane Record of the Demon Master;Spatial location;16;39.66942149
China;Xiewang Lin Jie;Spatial location;11.13333333;97.94721408
China;Yin Zhi Shoumuren (Silver Gravekeeper);Spatial location;8.125;90.27777778
France;Abélard - Une brčve histoire de poussičre et de cendre;Spatial location;6.214285714;95.6043956
France;Alter Ego;Spatial location;6.380952381;85.8974359
France;Catman - Une aventure de Cliff Burton;Spatial location;4.016666667;77.74193548
France;Child of the Storm;Spatial location;7.037037037;94.05940594
France;Donjon - La Fin du Donjon;Spatial location;9.314814815;92.46323529
France;Final Incal;Spatial location;4.632352941;76.82926829
France;La Vie En Rose - La Derničre Pluie;Spatial location;4.952380952;68.87417219
France;La Voyageuse de Petite Ceinture;Spatial location;5.421052632;67.32026144
France;Le Cahier ŕ Fleurs - Mauvaise Orchestration;Spatial location;4.559322034;87.90849673
France;Le Muret;Spatial location;7;76.71232877
France;Le Soldat;Spatial location;8;95.65217391
France;LoRaNnE - Frisco;Spatial location;6.023809524;79.55974843
France;Marsupilami: Sur la piste du Marsupilami;Spatial location;5.632911392;84.12098299
France;Metabarons Genesis: Castaka;Spatial location;4.777777778;86.86868687
France;Notre Dame - Le Jour des Fous;Spatial location;8.470588235;45.85987261
France;Percy Shelley;Spatial location;10.75;88.35616438
France;Pietrolino;Spatial location;8.25;44.89795918
France;Screaming Planet - Eucharist Sun;Spatial location;4.75;70.37037037
France;Screaming Planet - The Guilt;Spatial location;10.71428571;79.78723404
France;Screaming Planet - The Invasion;Spatial location;6.045454545;84.17721519
France;Screaming Planet - The Last Word;Spatial location;3.8;52.77777778
France;Skipper - Somalia;Spatial location;7.9375;84.10596026
France;Trans-Amazonie - La Chute du Masque;Spatial location;4.64;77.85234899
France;Tsunami;Spatial location;9.142857143;68.8172043
France;Une Folie Trčs Ordinaire;Spatial location;5.111111111;75.82417582
Germany; Larry Potter;Spatial location;8.055555556;95.39473684
Germany;Die Band;Spatial location;5.434782609;80.64516129
Germany;Fix und Foxi;Spatial location;8.352941176;94.0397351
Germany;König Kobra;Spatial location;6.684210526;81.93548387
Germany;Moga Mobo;Spatial location;5.103448276;67.12018141
Germany;Mulle - Das Beliebteste Pferd der Welt;Spatial location;0;0
Germany;Mulle - Das geplagteste Pferd der Welt;Spatial location;3;60
Germany;Mulle - Das lauteste Pferd der Welt;Spatial location;0;0
Germany;Mulle - Das sportlichste Pferd der Welt;Spatial location;5;100
Germany;Mulle - das Teufelspferd;Spatial location;3.25;68.42105263
Germany;Mulle - Das Turbo-Pferd;Spatial location;3;54.54545455
Germany;Mulle - Das ungluecklichste Pferd der Welt;Spatial location;2;40
Germany;Mulle - Das verfressenste Pferd der Welt;Spatial location;2;40
Germany;Mulle - Das verrueckteste Pferd der Welt;Spatial location;5;100
Germany;Mulle - im Rueckwaertsgang;Spatial location;5.666666667;94.44444444
Germany;Mulle - Mulle dreht voll auf;Spatial location;2.888888889;52
Germany;Mulle - wird spruchreif;Spatial location;3.8;79.16666667
Germany;Operation Odin;Spatial location;3.677419355;70.80745342
Germany;Werner;Spatial location;14.9;97.38562092
Japan;12 sai. ~Kokoro~;Spatial location;17.25;97.18309859
Japan;Absolute Boyfriend;Spatial location;10.33333333;93
Japan;Ahiru No Sora;Spatial location;3.578947368;66.01941748
Japan;Air Gear;Spatial location;6.5;89.44954128
Japan;Ansatsu Kyoushitsu;Spatial location;4.52;79.57746479
Japan;Ao no Exorcist;Spatial location;7.431818182;97.32142857
Japan;Ashi-Girl;Spatial location;8.8;91.66666667
Japan;Assassination Classroom;Spatial location;7.789473684;78.30687831
Japan;Attack on Titan;Spatial location;10.75;95.55555556
Japan;Baby and Me;Spatial location;8.545454545;94.94949495
Japan;Baby Steps;Spatial location;4.866666667;82.02247191
Japan;Beelzebub;Spatial location;6.961538462;94.76439791
Japan;Big Windup!;Spatial location;3.388888889;65.59139785
Japan;Billy Bat;Spatial location;24.25;97.97979798
Japan;Bleach;Spatial location;13;96.4664311
Japan;Blue Something;Spatial location;4.288888889;75.98425197
Japan;Bread & Butter;Spatial location;5.347826087;83.10810811
Japan;Cage of Eden;Spatial location;7.526315789;97.6109215
Japan;Captain Tsubasa;Spatial location;4.117647059;87.5
Japan;Chairman Shima Kosaku;Spatial location;6.5;92.85714286
Japan;Claymore;Spatial location;8.53125;95.78947368
Japan;Clover: Trefle;Spatial location;4.575757576;76.26262626
Japan;Crimson Hero;Spatial location;5.083333333;90.14778325
Japan;D.N. Angel;Spatial location;20.66666667;100
Japan;Dolly Kanon;Spatial location;12.90909091;96.92832765
Japan;Dragon Ball;Spatial location;10.2;92.72727273
Japan;Fairy Tail;Spatial location;12.63636364;97.88732394
Japan;Gangoose;Spatial location;6.161290323;93.62745098
Japan;Giant Killing;Spatial location;5.307692308;35.56701031
Japan;Gintama;Spatial location;6.230769231;76.41509434
Japan;Gurazeni;Spatial location;8.541666667;86.13445378
Japan;Haikyu!!;Spatial location;3.464285714;80.16528926
Japan;Haikyuu!!;Spatial location;8.714285714;90.14778325
Japan;Hikaru No Go;Spatial location;26.25;99.05660377
Japan;History's Strongest Disciple Keichi;Spatial location;9.789473684;93.93939394
Japan;HunterXHunter;Spatial location;7.75;92.07920792
Japan;Ihoujin;Spatial location;13.05555556;94
Japan;Iromen ~Juunintoiro~;Spatial location;8.833333333;96.36363636
Japan;Kakukaku Shikajika;Spatial location;8.35;84.34343434
Japan;Kimi No Iru Machi;Spatial location;5.961538462;85.16483516
Japan;Kimi wa Sora no Subete;Spatial location;20;98.36065574
Japan;Kocchi Muite! Miiko;Spatial location;14.7;96.71052632
Japan;Kou no Dori;Spatial location;14.69230769;96.46464646
Japan;Kuroko no Basket;Spatial location;5.285714286;88.0952381
Japan;Kuroko's Basketball;Spatial location;7.260869565;86.52849741
Japan;Kyo wa Kaisha Yasumimasu;Spatial location;9.631578947;94.32989691
Japan;love?com;Spatial location;9.151515152;95.56962025
Japan;Magi: The Labyrinth of Magic;Spatial location;6.9;88.08510638
Japan;Marmalade Boy Little;Spatial location;8.88;89.51612903
Japan;Moment -Eien no Isshun;Spatial location;9.535714286;90.2027027
Japan;Nana;Spatial location;9.9;99
Japan;Naruto;Spatial location;11.11111111;95.23809524
Japan;Nisekoi;Spatial location;8.727272727;89.71962617
Japan;One Piece;Spatial location;4.142857143;84.74025974
Japan;One Punch-Man ;Spatial location;6.206896552;93.75
Japan;Oyasumi Memories;Spatial location;12.08695652;98.58156028
Japan;Poison Berry in my Brain;Spatial location;4.8;86.95652174
Japan;Psyren;Spatial location;7.541666667;90.5
Japan;Regalo;Spatial location;6.235294118;88.33333333
Japan;Rurouni Kenshin;Spatial location;19.4;95.09803922
Japan;Saireen;Spatial location;9.777777778;88
Japan;Saiyuki;Spatial location;20.25;100
Japan;Shokugeki No Soma;Spatial location;7.24137931;88.42105263
Japan;Slam Dunk;Spatial location;3.227272727;82.55813953
Japan;The Prince of Tennis;Spatial location;6.272727273;95.83333333
Japan;The World God Only Knows;Spatial location;6.068181818;91.75257732
Japan;Touch;Spatial location;12.875;93.63636364
Japan;Trinity Seven;Spatial location;18.08333333;97.74774775
Japan;Vagabond;Spatial location;7.727272727;89.47368421
Japan;Yu-Gi-Oh! 5D's;Spatial location;8.173913043;90.38461538
Korea;9 Faces of Love - Return of Princess Rouana;Spatial location;5.916666667;86.23481781
Korea;Aegis;Spatial location;10.5;98.82352941
Korea;Boy of the Female Wolf;Spatial location;10.2;99.02912621
Korea;Emperor's Castle;Spatial location;5.473684211;81.25
Korea;He was Cool;Spatial location;6.888888889;43.35664336
Korea;In The Starlight;Spatial location;8.052631579;93.86503067
Korea;Invincible Yeonbyeongeol;Spatial location;9;98.63013699
Korea;Kingdom of the Winds;Spatial location;3.857142857;79.41176471
Korea;Kwaidan;Spatial location;4.518518519;88.4057971
Korea;Lie to Me;Spatial location;5.035714286;84.93975904
Korea;The Breaker New Waves;Spatial location;5.733333333;84.31372549
Korea;The Color of Earth;Spatial location;11.5;90.78947368
Korea;The Great Catsby;Spatial location;8.25;94.28571429
Korea;Zero/Six;Spatial location;6.823529412;81.69014085
Korea;Zippy Ziggy;Spatial location;5.538461538;92.30769231
Netherlands;Agent 327 - Dossier zevenslaper;Spatial location;8.2;94.40789474
Netherlands;Alle verhalen van Olie B. Bommel en Tom Poes - Zoals een Bommel betaamt;Spatial location;4.4375;94.66666667
Netherlands;Alleen op de wereld;Spatial location;4.46875;92.25806452
Netherlands;Ambrosius - De gefleste geesten;Spatial location;11.38461538;94.87179487
Netherlands;Baron van Tast tot Zeveren;Spatial location;7.075;94.33333333
Netherlands;Blook - De supermolekuul;Spatial location;10.85714286;95.59748428
Netherlands;Claudia Brucken - Operatie Sneeuw;Spatial location;5.490196078;90.90909091
Netherlands;De Argonautjes - De Onderwereld;Spatial location;8.388888889;98.05194805
Netherlands;De avonturen van Douwe Dabbert - Florijn de Flierefluiter;Spatial location;10.71428571;96.15384615
Netherlands;De avonturen van Johan en Stefan - De Zondebokken;Spatial location;7.166666667;86.57718121
Netherlands;De avonturen van Pinkie Pienter - Koning Neptunus helpt Pinkie;Spatial location;9;100
Netherlands;De avonturen van Pinkie Pienter - Vreemde bezoekers uit het heelal;Spatial location;4.793103448;92.05298013
Netherlands;De Familie Doorzon - Het geslacht doorzon;Spatial location;5.458333333;85.62091503
Netherlands;De Nakomertjes - Nooit meer uitslapen!;Spatial location;4.518518519;79.22077922
Netherlands;De ontdekking;Spatial location;3.853658537;52.31788079
Netherlands;De Ruyter - De Engelsen komen!;Spatial location;3.818181818;83.44370861
Netherlands;Dick Bos;Spatial location;3.608695652;83
Netherlands;Dik van Dieren en zo - De eerste 11 zaken;Spatial location;5;86.66666667
Netherlands;Don't panic!;Spatial location;5.178571429;95.39473684
Netherlands;Een avontuur van Elno - Déjŕ vu in sMon-Thang;Spatial location;6.523809524;91.33333333
Netherlands;Een avontuur van Roel Dijkstra - De superspits;Spatial location;7.684210526;96.05263158
Netherlands;Eric de Noorman - De Steen van Atlantis;Spatial location;5.037037037;89.47368421
Netherlands;Franka - Gangsterfilm;Spatial location;5.28;83.01886792
Netherlands;In The Pines: 5 murder ballads;Spatial location;8.8;94.96402878
Netherlands;Jan, Jans en de kinderen;Spatial location;6.344444444;93.60655738
Netherlands;Je geld of je leven;Spatial location;6;89.47368421
Netherlands;Joop Klepzeiker;Spatial location;7.25;94.15584416
Netherlands;Kapitein Rob  - De avonturen van het Zeilschip de Vrijheid;Spatial location;4.071428571;75
Netherlands;Mario en de toverpluisbloem;Spatial location;7.45;98.02631579
Netherlands;Noortje - Altijd opgeruimd;Spatial location;4.25;90.06622517
Netherlands;Panda - De olieboertjes;Spatial location;5.25;90
Netherlands;Quaco - Leven in slavernij;Spatial location;5.25;83.44370861
Netherlands;Rood - Feestje met de regen;Spatial location;3.833333333;85.71428571
Netherlands;Sjors & Sjimmie  - Van dik hout;Spatial location;3.714285714;86.09271523
Netherlands;Sjors en Sjimmie - Bij de Arabieren;Spatial location;7.157894737;99.27007299
Netherlands;Sjors en Sjimmie - De geheimzinnige duikboot;Spatial location;4.586206897;85.80645161
Netherlands;Sjors, voorzitter van de Rebellenclub;Spatial location;5.148148148;90.25974026
Netherlands;Tom Poes - De liefdadiger;Spatial location;5.916666667;95.94594595
Netherlands;Tom Poes Weekblad 3 - Tom Poes en de geest in de fles;Spatial location;7.75;91.17647059
Netherlands;Tom Poes Weekblad 3 - Tom Poes ontmoet een oude bekende;Spatial location;5.076923077;89.18918919
Netherlands;Zonder Filter;Spatial location;12;94.48818898
OEL manga;Assemby;Spatial location;3.305555556;70.83333333
OEL manga;Blue Monday;Spatial location;5.125;88.58024691
OEL manga;Chronicles of the Universe;Spatial location;4.666666667;68.16479401
OEL manga;Gigantor - Heart of Steel, Soul of Iron;Spatial location;3.487179487;77.71428571
OEL manga;Gold Digger;Spatial location;7.117647059;87.68115942
OEL manga;Legends From Darkwood;Spatial location;8.490196078;93.92624729
OEL manga;Luftmatte 1946;Spatial location;4.576923077;73.45679012
OEL manga;Myth Warriors;Spatial location;5.12;86.48648649
OEL manga;Ninja High School Hawaii;Spatial location;7.2;94.3231441
OEL manga;Once in a Blue Moon;Spatial location;7.818181818;92.47311828
OEL manga;OZ The Manga - Council with the Munchkins;Spatial location;5.78125;94.3877551
OEL manga;Pride and Prejudice;Spatial location;8.666666667;88.63636364
OEL manga;Scott Pilgrim vs. The World;Spatial location;5;93.75
OEL manga;Street Fighter Classic;Spatial location;10.78571429;99.34210526
OEL manga;The Agents;Spatial location;4.540540541;66.14173228
OEL manga;Tokyo Knights;Spatial location;6.85;90.13157895
OEL manga;Twilight X;Spatial location;4;80
Sweden;Bamse: världens starkaste björn - Bamse och Ĺrstidsnyckeln;Spatial location;5.85;93.6
Sweden;Bamse: världens starkaste björn - Bamse och Farmors Kista;Spatial location;6.333333333;88.37209302
Sweden;Bamse: världens starkaste björn - Bamse och Jätten Gorm;Spatial location;6.5;90.27777778
Sweden;Bamse: världens starkaste björn - Bamse och Trollkarlens Smycke;Spatial location;4.875;81.25
Sweden;Bamse: världens starkaste björn - Bamse: Sandslottstävlingen;Spatial location;21.66666667;100
Sweden;Bamse: världens starkaste björn - Den Mystiska Bilen;Spatial location;5.222222222;83.92857143
Sweden;Bamse: världens starkaste björn - Drullevarg Matar Fĺglarna (fastän han inte vill);Spatial location;6.5;95.58823529
Sweden;Bamse: världens starkaste björn - Fixare-sorkarna pĺ Stallstigen;Spatial location;2.857142857;76.92307692
Sweden;Bamse: världens starkaste björn - Katten Jansen och Husmusen Hjälper Till;Spatial location;18;100
Sweden;Bamse: världens starkaste björn - Krosus Gladland II;Spatial location;7.363636364;92.04545455
Sweden;Bamse: världens starkaste björn - Lille Skutt I Fotbolls-VM;Spatial location;20.75;100
Sweden;Bamse: världens starkaste björn - Mini-Hop och Barnvakten;Spatial location;4;95.23809524
Sweden;Bamse: världens starkaste björn - Om Fotboll;Spatial location;4;50
Sweden;Bamse: världens starkaste björn - Om Sandslott;Spatial location;9;90
Sweden;Bamse: världens starkaste björn - Pellefant: Snöballskriget;Spatial location;5.6;87.5
Sweden;Bamse: världens starkaste björn - Professor Murmeldjur har Brĺttom;Spatial location;3.857142857;90
Sweden;Bamse: världens starkaste björn - Skalman och Mullvalen;Spatial location;4.222222222;77.55102041
Sweden;Bamse: världens starkaste björn - Sorktyg i Skogen II;Spatial location;5.428571429;90.47619048
Sweden;Bamse: världens starkaste björn - Teddy Blir Detektiv;Spatial location;5.263157895;93.45794393
Sweden;Bamse: världens starkaste björn - Tidsresan: Bamse och de Mystiska Strĺlarna ;Spatial location;6.333333333;90.47619048
Sweden;Bamse: världens starkaste björn - Vargen och Klockkuppen;Spatial location;3.8;80.85106383
Sweden;Hälge: Varning för älgskador!;Spatial location;4.1;96.8503937
Sweden;Herman Hedning;Spatial location;6.090909091;87.01298701
USA;1;Spatial location;9.538461538;89.20863309
USA;Action Comics - The Menace of Metallo;Spatial location;3.117647059;73.61111111
USA;Action Comics - The Supergirl from Krypton!;Spatial location;3.303030303;68.98734177
USA;Amazing Spider-man - Back in Black;Spatial location;5.272727273;85.92592593
USA;Amazing Spider-Man - Shaw's Gambit;Spatial location;4.717948718;86.79245283
USA;Andre the Giant: Life and Legend;Spatial location;6;77.86259542
USA;Arch Enemies One Hero. One Villan. On Apartment;Spatial location;7.52173913;94.02173913
USA;B.P.R.D. - The Black Flame;Spatial location;12.5625;98.52941176
USA;Batman The Dark Knight - A Rush of Blood;Spatial location;5.5;88.18565401
USA;Batman:The Killing Joke;Spatial location;6.789473684;96.9924812
USA;Black Hood - Crime Goes to College;Spatial location;4.806451613;87.64705882
USA;Black Hood - The Case of the Medical Murderer;Spatial location;3.307692308;70.49180328
USA;Black Panther - Back to Africa: Part one;Spatial location;5.514285714;92.78846154
USA;Blankets;Spatial location;6.375;79.6875
USA;Blessed Thistle;Spatial location;8;95.41284404
USA;Blue Beetle - Joan;Spatial location;0;0
USA;Blue Beetle - The Man Who Stole 24 Hours;Spatial location;3.4;60.71428571
USA;Blue Beetle - The Masks of Mystery;Spatial location;4.875;69.64285714
USA;Boxers;Spatial location;9.545454545;77.20588235
USA;Brain Boy - Pirates of the Air;Spatial location;3.964285714;72.07792208
USA;Captain America  - Blood Stone;Spatial location;5.290322581;89.13043478
USA;Captain America  - U.S. Agent, Siege, Night of the Scourge part one;Spatial location;4.25;77.27272727
USA;Captain Atom - The Gremlins from the Planet Blue;Spatial location;3.380952381;68.93203883
USA;Captain Marvel Adventures - Capt. Marvel -Out West-;Spatial location;4.666666667;76.92307692
USA;Captain Marvel Adventures - Captain Marvel Battles the Vampire;Spatial location;6.818181818;83.33333333
USA;Captain Marvel Adventures - Captain Marvel Vs. Z;Spatial location;3.85;80.20833333
USA;Captain Marvel Adventures - The Monsters of Saturn;Spatial location;4.3125;65.71428571
USA;"Captain Midnight - ""Secret Sub""";Spatial location;3.777777778;62.96296296
USA;Captain Midnight - The Murder Trap;Spatial location;3.391304348;70.90909091
USA;Constantine - The Spark and the Flame Part 1: The Price We Pay;Spatial location;5;84.45945946
USA;Daredevil - Guardian Devil;Spatial location;7.625;91.72932331
USA;Daredevil - The Mysterious Masked Matador;Spatial location;5.837837838;83.07692308
USA;Darkness Resurrection;Spatial location;6.481481481;85.36585366
USA;Deadpool - Bullseye part two;Spatial location;8.363636364;98.92473118
USA;Detective Comics - The Laughing Fish;Spatial location;8.5;89.47368421
USA;DMZ Body of a Journalist;Spatial location;4.821428571;75
USA;Doll Man - Monster of the Mire;Spatial location;5.2;86.66666667
USA;Doll Man - The Troll;Spatial location;5.428571429;77.55102041
USA;Fantastic Four - Skyfall;Spatial location;6;85.71428571
USA;Far Arden;Spatial location;8.153846154;89.83050847
USA;Fierce;Spatial location;4.088888889;81.4159292
USA;Green Lantern - No evil shall escape my sight;Spatial location;7.416666667;85.57692308
USA;Green Lantern Corps - Sacrifice of Will;Spatial location;5.185185185;77.77777778
USA;Green Lantern: Rebirth - Rings;Spatial location;9.222222222;95.76923077
USA;Heck;Spatial location;10.13333333;95.59748428
USA;Justice League of America - The Great Identity Crisis!;Spatial location;5.166666667;85.32110092
USA;Lady Luck - Charity Ball;Spatial location;3.666666667;84.61538462
USA;Lady Luck - Pirate Mansion;Spatial location;4;70.88607595
USA;Lady Luck - The Count;Spatial location;4.428571429;96.875
USA;Lady Luck - The Pyramid Club;Spatial location;3.461538462;77.5862069
USA;Lars of Mars -  The Terror Weapon;Spatial location;4.307692308;76.71232877
USA;Lars of Mars - The Crucial Game;Spatial location;3.416666667;93.18181818
USA;Lars of Mars - The Earthshaker;Spatial location;4;76.19047619
USA;Lars of Mars - The Terror Weapon;Spatial location;4.916666667;80.82191781
USA;Nick Fury Agent of S.H.I.E.L.D. - Who is Scorpio;Spatial location;3.804878049;80
USA;NorthWest Passage;Spatial location;4.5;79.12087912
USA;Plastic Man - The Expander Device;Spatial location;5.666666667;88.54166667
USA;Rising Stars -  Voices of the Dead Bright;Spatial location;5.03030303;89.72972973
USA;Same Difference;Spatial location;7.227272727;91.90751445
USA;Savage Dragon - The End;Spatial location;5.705882353;85.0877193
USA;Set to Sea;Spatial location;4;68.65671642
USA;Shackleton Antarctic Odyssey;Spatial location;4.727272727;73.23943662
USA;Star Wars Empire;Spatial location;8.631578947;85.41666667
USA;Sumo;Spatial location;22.4;94.11764706
USA;Superman Batman Absolute Power - Absolute Power;Spatial location;4.304347826;69.71830986
USA;The Avengers - The Wrath of the Weathermen;Spatial location;5.117647059;78.37837838
USA;The Blue Beetle - The MadMen;Spatial location;4.409090909;77.6
USA;The Flame - Dr. Ivan's Insurance Bombing Racket.;Spatial location;3.730769231;66.43835616
USA;The Flash - Flashing Wheels;Spatial location;5;77.46478873
USA;The Incredible Hulk - Best Intentions;Spatial location;6;92.72727273
USA;The Invincible Iron Man - Ten Rings to Rule the World;Spatial location;6.75;93.10344828
USA;The Punisher - Blackout;Spatial location;4.865384615;85.18518519
USA;The Punisher - Do Not Fall in New York City;Spatial location;9.642857143;84.375
USA;The Story of Roberto Clemente;Spatial location;8.666666667;92.19858156
USA;Uncanny X-men;Spatial location;8.264705882;93.66666667
USA;Venom: Funeral Pyre - High Tension;Spatial location;6.083333333;76.84210526
USA;Wolverine - Not dead yet part;Spatial location;10.28571429;92.30769231
USA;Wonder Woman - His Name is Psycho;Spatial location;4.75;83.82352941
USA;Wonder Woman - The Huntress;Spatial location;8.416666667;95.28301887
Belgium/Flanders;Baxter - H2O;Character;3.161290323;64.05228758
Belgium/Flanders;Bessy  - Ondergang in de grot;Character;2.807692308;46.79487179
Belgium/Flanders;Bessy Natuurkommando - De nacht van de schildpad;Character;2.451612903;49.67320261
Belgium/Flanders;Biebel - De Doos;Character;2.939393939;64.2384106
Belgium/Flanders;De avonturen van Johan en Stefan - De Zondebokken;Character;2.709677419;56.37583893
Belgium/Flanders;De avonturen van Jommeke - De muzikale Bella;Character;2.918918919;69.67741935
Belgium/Flanders;De avonturen van Nero en Co - De brief aan Nasser;Character;2.862068966;52.53164557
Belgium/Flanders;De avonturen van Nero en Co - De hoorn des overvloeds;Character;2.733333333;50.93167702
Belgium/Flanders;De Avonturen van Urbanus - Tegen de Dikkenekken;Character;2.413793103;43.47826087
Belgium/Flanders;De Kiekeboes - Vluchtmisdrijf;Character;2.933333333;58.2781457
Belgium/Flanders;De Kriegels - Happy Halloween, Mister Zablowski;Character;2.375;25.33333333
Belgium/Flanders;De Rode Ridder - Het gebroken zwaard;Character;3.192307692;52.86624204
Belgium/Flanders;De rode ridder - Kerwyn de Magiër;Character;2.814814815;49.03225806
Belgium/Flanders;De Spookjes - Spoken en piraten;Character;2.4;15.89403974
Belgium/Flanders;De Vrolijke Bengels;Character;2.263157895;28.28947368
Belgium/Flanders;Detective Van Zwam - Het Geheim van Matsuoka;Character;3.3;63.46153846
Belgium/Flanders;F.C. De Kampioenen - Miss Moeial;Character;2.695652174;40
Belgium/Flanders;FC Schwalbe - Daar is 'm ;Character;2.833333333;56.29139073
Belgium/Flanders;Het Grote Kabouter Wesley Boek;Character;3.434782609;47.02380952
Belgium/Flanders;Jan Zonder Vrees;Character;2.904761905;40.39735099
Belgium/Flanders;Jerom - De bronzen kabouter;Character;2.586206897;50
Belgium/Flanders;Jommeke - Het piepend bed;Character;2.37037037;41.55844156
Belgium/Flanders;K3 - De hoed van Ya Ya Yippee;Character;3.25;50.64935065
Belgium/Flanders;Kari Lente & Co;Character;2.807692308;48.66666667
Belgium/Flanders;Meesterwerken in Beeld - Robinson Crusoë;Character;4;74.72527473
Belgium/Flanders;Otto - Op hete kolen;Character;5.44;90.66666667
Belgium/Flanders;Piet Pienter en Bert Bibber - Invasie uit het heelal;Character;2.555555556;43.125
Belgium/Flanders;Samson & Gert - De Vliegsiroop;Character;3.444444444;60.78431373
Belgium/Flanders;Sloeber - Het Komplot;Character;3.803278689;73.88535032
Belgium/Flanders;Suske en Wiske - De Poenschepper;Character;2.705882353;57.14285714
Belgium/Flanders;Suske en Wiske - De snorrende snor;Character;2.724137931;50
Belgium/Flanders;Suske en Wiske - De sprietatoom;Character;2.885714286;64.74358974
Belgium/Flanders;Suske en Wiske - Het geheim van de Kalmhoutse heide;Character;2.75;49.35897436
Belgium/Flanders;Suske en Wiske - Op het eiland Amoras;Character;2.884615385;49.34210526
Belgium/Flanders;Suske en Wiske - Rikki en Wiske;Character;3.066666667;60.52631579
Belgium/Flanders;Thomas Pips - De rode Heks;Character;3.431818182;49.02597403
Belgium/Flanders;W817 - Een keivet akke-fietje;Character;3.217391304;48.68421053
Belgium/Flanders;Waterland - Onweer;Character;2.5;32.84671533
Belgium/Flanders;Weer over naar jou;Character;4.130434783;61.68831169
Belgium/Flanders;Willeke - De draak van Kokoluput;Character;2.472727273;44.73684211
China;1/2 Prince;Character;2.571428571;36
China;Divine Melody;Character;2.1875;36.84210526
China;Heaven Sword and Dragon Sabre  - The King of Gold Lion-Zhune Shai;Character;2.538461538;40.99378882
China;Mega Dragon & Tiger Future Kung Fu Action;Character;2.724137931;51.63398693
China;Saint Legend;Character;2.734375;55.73248408
China;SNK vs. Capcom: SVC Chaos;Character;2.379310345;46
China;Storm Riders;Character;2.740740741;50.16949153
China;SVC Chaos: SNK vs Capcom ;Character;2.333333333;39.77272727
China;The King of Fighters;Character;2.413793103;44.30379747
China;The King of Fighters: 2003;Character;2.411764706;50
China;Tiger x Crane Record of the Demon Master;Character;2.588235294;36.36363636
China;Xiewang Lin Jie;Character;3.018867925;46.92082111
China;Yin Zhi Shoumuren (Silver Gravekeeper);Character;3.166666667;26.38888889
France;Abélard - Une brčve histoire de poussičre et de cendre;Character;2.947368421;61.53846154
France;Alter Ego;Character;3.166666667;48.71794872
France;Catman - Une aventure de Cliff Burton;Character;2.822580645;56.4516129
France;Child of the Storm;Character;2.454545455;26.73267327
France;Donjon - La Fin du Donjon;Character;3.071428571;55.33088235
France;Final Incal;Character;2.548387097;38.53658537
France;La Vie En Rose - La Derničre Pluie;Character;3.318181818;48.34437086
France;La Voyageuse de Petite Ceinture;Character;5.261904762;72.22222222
France;Le Cahier ŕ Fleurs - Mauvaise Orchestration;Character;2.236842105;27.77777778
France;Le Muret;Character;5.6;76.71232877
France;Le Soldat;Character;3.1875;41.57608696
France;LoRaNnE - Frisco;Character;3.205128205;39.3081761
France;Marsupilami: Sur la piste du Marsupilami;Character;3.552631579;51.03969754
France;Metabarons Genesis: Castaka;Character;2.448275862;23.90572391
France;Notre Dame - Le Jour des Fous;Character;2.681818182;18.78980892
France;Percy Shelley;Character;2.777777778;34.24657534
France;Pietrolino;Character;2.538461538;22.44897959
France;Screaming Planet - Eucharist Sun;Character;2.8;51.85185185
France;Screaming Planet - The Guilt;Character;2.705882353;48.93617021
France;Screaming Planet - The Invasion;Character;2.481481481;42.40506329
France;Screaming Planet - The Last Word;Character;2.666666667;22.22222222
France;Skipper - Somalia;Character;3;31.78807947
France;Trans-Amazonie - La Chute du Masque;Character;2.666666667;26.84563758
France;Tsunami;Character;3.375;29.03225806
France;Une Folie Trčs Ordinaire;Character;3.193548387;54.3956044
Germany; Larry Potter;Character;4.44;73.02631579
Germany;Die Band;Character;3.029411765;33.22580645
Germany;Fix und Foxi;Character;2.826086957;43.04635762
Germany;König Kobra;Character;2.416666667;37.41935484
Germany;Moga Mobo;Character;2.666666667;34.46712018
Germany;Mulle - Das Beliebteste Pferd der Welt;Character;2;40
Germany;Mulle - Das geplagteste Pferd der Welt;Character;4;80
Germany;Mulle - Das lauteste Pferd der Welt;Character;2;80
Germany;Mulle - Das sportlichste Pferd der Welt;Character;3;60
Germany;Mulle - das Teufelspferd;Character;4.25;89.47368421
Germany;Mulle - Das Turbo-Pferd;Character;3.5;63.63636364
Germany;Mulle - Das ungluecklichste Pferd der Welt;Character;5;100
Germany;Mulle - Das verfressenste Pferd der Welt;Character;3;60
Germany;Mulle - Das verrueckteste Pferd der Welt;Character;2;40
Germany;Mulle - im Rueckwaertsgang;Character;3;66.66666667
Germany;Mulle - Mulle dreht voll auf;Character;2.666666667;16
Germany;Mulle - wird spruchreif;Character;2.5;62.5
Germany;Operation Odin;Character;2.666666667;29.8136646
Germany;Werner;Character;5.04;82.35294118
Japan;12 sai. ~Kokoro~;Character;2.724137931;27.81690141
Japan;Absolute Boyfriend;Character;2.4375;19.5
Japan;Ahiru No Sora;Character;2.6;37.86407767
Japan;Air Gear;Character;2.25;20.64220183
Japan;Ansatsu Kyoushitsu;Character;2.214285714;10.91549296
Japan;Ao no Exorcist;Character;2.353846154;45.53571429
Japan;Ashi-Girl;Character;2.1875;36.45833333
Japan;Assassination Classroom;Character;2.619047619;29.1005291
Japan;Attack on Titan;Character;2.625;23.33333333
Japan;Baby and Me;Character;3;27.27272727
Japan;Baby Steps;Character;2.857142857;44.94382022
Japan;Beelzebub;Character;2.56;33.5078534
Japan;Big Windup!;Character;2.533333333;40.86021505
Japan;Billy Bat;Character;2.705882353;46.46464646
Japan;Bleach;Character;2.714285714;40.28268551
Japan;Blue Something;Character;2.263157895;33.85826772
Japan;Bread & Butter;Character;2.255319149;35.81081081
Japan;Cage of Eden;Character;2;11.60409556
Japan;Captain Tsubasa;Character;2.727272727;37.5
Japan;Chairman Shima Kosaku;Character;2.625;16.66666667
Japan;Claymore;Character;2.111111111;33.33333333
Japan;Clover: Trefle;Character;3;36.36363636
Japan;Crimson Hero;Character;2.0625;16.25615764
Japan;D.N. Angel;Character;4.444444444;65.57377049
Japan;Dolly Kanon;Character;2.15625;23.54948805
Japan;Dragon Ball;Character;2.4;43.63636364
Japan;Fairy Tail;Character;2.829268293;27.23004695
Japan;Gangoose;Character;3;35.29411765
Japan;Giant Killing;Character;2.333333333;14.43298969
Japan;Gintama;Character;3.380952381;33.49056604
Japan;Gurazeni;Character;2.1875;14.70588235
Japan;Haikyu!!;Character;2.833333333;42.14876033
Japan;Haikyuu!!;Character;2.19047619;22.66009852
Japan;Hikaru No Go;Character;3.5;59.43396226
Japan;History's Strongest Disciple Keichi;Character;2;23.23232323
Japan;HunterXHunter;Character;3.058823529;51.48514851
Japan;Ihoujin;Character;2.5;28
Japan;Iromen ~Juunintoiro~;Character;2.9;35.15151515
Japan;Kakukaku Shikajika;Character;2.542857143;44.94949495
Japan;Kimi No Iru Machi;Character;2.2;18.13186813
Japan;Kimi wa Sora no Subete;Character;2.902439024;39.01639344
Japan;Kocchi Muite! Miiko;Character;2.142857143;9.868421053
Japan;Kou no Dori;Character;2.363636364;13.13131313
Japan;Kuroko no Basket;Character;3.7;44.04761905
Japan;Kuroko's Basketball;Character;2.071428571;15.02590674
Japan;Kyo wa Kaisha Yasumimasu;Character;2.266666667;35.05154639
Japan;love?com;Character;2.511627907;34.17721519
Japan;Magi: The Labyrinth of Magic;Character;2.733333333;17.44680851
Japan;Marmalade Boy Little;Character;2.21875;28.62903226
Japan;Moment -Eien no Isshun;Character;2.78125;30.06756757
Japan;Nana;Character;2.823529412;48
Japan;Naruto;Character;2.826086957;41.26984127
Japan;Nisekoi;Character;2.323529412;24.6105919
Japan;One Piece;Character;2.529411765;27.92207792
Japan;One Punch-Man ;Character;2.46875;41.14583333
Japan;Oyasumi Memories;Character;2.578947368;34.75177305
Japan;Poison Berry in my Brain;Character;2.1875;25.36231884
Japan;Psyren;Character;2.05;20.5
Japan;Regalo;Character;2.416666667;24.16666667
Japan;Rurouni Kenshin;Character;3.444444444;60.78431373
Japan;Saireen;Character;4;56
Japan;Saiyuki;Character;3.866666667;71.60493827
Japan;Shokugeki No Soma;Character;2.58490566;28.84210526
Japan;Slam Dunk;Character;2.466666667;43.02325581
Japan;The Prince of Tennis;Character;3.5;58.33333333
Japan;The World God Only Knows;Character;2.425531915;39.17525773
Japan;Touch;Character;3.736842105;64.54545455
Japan;Trinity Seven;Character;2.4;21.62162162
Japan;Vagabond;Character;2.36;31.05263158
Japan;Yu-Gi-Oh! 5D's;Character;2.551724138;35.57692308
Korea;9 Faces of Love - Return of Princess Rouana;Character;2.536585366;42.10526316
Korea;Aegis;Character;2.555555556;27.05882353
Korea;Boy of the Female Wolf;Character;2.444444444;42.7184466
Korea;Emperor's Castle;Character;2.4;18.75
Korea;He was Cool;Character;3;14.68531469
Korea;In The Starlight;Character;2.875;42.33128834
Korea;Invincible Yeonbyeongeol;Character;2.777777778;34.24657534
Korea;Kingdom of the Winds;Character;2;26.47058824
Korea;Kwaidan;Character;2.833333333;43.11594203
Korea;Lie to Me;Character;2.045454545;27.10843373
Korea;The Breaker New Waves;Character;2.833333333;50
Korea;The Color of Earth;Character;2.9375;41.22807018
Korea;The Great Catsby;Character;3.321428571;66.42857143
Korea;Zero/Six;Character;2.555555556;32.3943662
Korea;Zippy Ziggy;Character;3.3;42.30769231
Netherlands;Agent 327 - Dossier zevenslaper;Character;3.62;59.53947368
Netherlands;Alle verhalen van Olie B. Bommel en Tom Poes - Zoals een Bommel betaamt;Character;3.2;64
Netherlands;Alleen op de wereld;Character;2.730769231;45.80645161
Netherlands;Ambrosius - De gefleste geesten;Character;2.76;44.23076923
Netherlands;Baron van Tast tot Zeveren;Character;3.206896552;62
Netherlands;Blook - De supermolekuul;Character;3.222222222;72.95597484
Netherlands;Claudia Brucken - Operatie Sneeuw;Character;3.685185185;64.61038961
Netherlands;De Argonautjes - De Onderwereld;Character;3.043478261;45.45454545
Netherlands;De avonturen van Douwe Dabbert - Florijn de Flierefluiter;Character;2.971428571;66.66666667
Netherlands;De avonturen van Johan en Stefan - De Zondebokken;Character;2.7;54.36241611
Netherlands;De avonturen van Pinkie Pienter - Koning Neptunus helpt Pinkie;Character;3.766666667;74.34210526
Netherlands;De avonturen van Pinkie Pienter - Vreemde bezoekers uit het heelal;Character;4;71.52317881
Netherlands;De Familie Doorzon - Het geslacht doorzon;Character;4.185185185;73.85620915
Netherlands;De Nakomertjes - Nooit meer uitslapen!;Character;3.5;63.63636364
Netherlands;De ontdekking;Character;3.958333333;31.45695364
Netherlands;De Ruyter - De Engelsen komen!;Character;2.9;57.61589404
Netherlands;Dick Bos;Character;3.842105263;73
Netherlands;Dik van Dieren en zo - De eerste 11 zaken;Character;2.296296296;41.33333333
Netherlands;Don't panic!;Character;2.636363636;38.15789474
Netherlands;Een avontuur van Elno - Déjŕ vu in sMon-Thang;Character;2.571428571;48
Netherlands;Een avontuur van Roel Dijkstra - De superspits;Character;2.928571429;53.94736842
Netherlands;Eric de Noorman - De Steen van Atlantis;Character;3.233333333;63.81578947
Netherlands;Franka - Gangsterfilm;Character;2.580645161;50.31446541
Netherlands;In The Pines: 5 murder ballads;Character;3.551724138;74.10071942
Netherlands;Jan, Jans en de kinderen;Character;4.192982456;78.36065574
Netherlands;Je geld of je leven;Character;4.684210526;78.07017544
Netherlands;Joop Klepzeiker;Character;4.230769231;71.42857143
Netherlands;Kapitein Rob  - De avonturen van het Zeilschip de Vrijheid;Character;3.09375;65.13157895
Netherlands;Mario en de toverpluisbloem;Character;3.147058824;70.39473684
Netherlands;Noortje - Altijd opgeruimd;Character;2.967741935;60.92715232
Netherlands;Panda - De olieboertjes;Character;2.222222222;28.57142857
Netherlands;Quaco - Leven in slavernij;Character;2.4;47.68211921
Netherlands;Rood - Feestje met de regen;Character;2.515151515;51.55279503
Netherlands;Sjors & Sjimmie  - Van dik hout;Character;2.538461538;65.56291391
Netherlands;Sjors en Sjimmie - Bij de Arabieren;Character;2.764705882;34.30656934
Netherlands;Sjors en Sjimmie - De geheimzinnige duikboot;Character;2.9;56.12903226
Netherlands;Sjors, voorzitter van de Rebellenclub;Character;3.162162162;75.97402597
Netherlands;Tom Poes - De liefdadiger;Character;3.266666667;66.21621622
Netherlands;Tom Poes Weekblad 3 - Tom Poes en de geest in de fles;Character;2.5;66.17647059
Netherlands;Tom Poes Weekblad 3 - Tom Poes ontmoet een oude bekende;Character;2.882352941;66.21621622
Netherlands;Zonder Filter;Character;3.148148148;66.92913386
OEL manga;Assemby;Character;3.035714286;50.5952381
OEL manga;Blue Monday;Character;2.884057971;61.41975309
OEL manga;Chronicles of the Universe;Character;2.7;20.2247191
OEL manga;Gigantor - Heart of Steel, Soul of Iron;Character;2.357142857;18.85714286
OEL manga;Gold Digger;Character;2;33.33333333
OEL manga;Legends From Darkwood;Character;2.881355932;36.87635575
OEL manga;Luftmatte 1946;Character;2.52;38.88888889
OEL manga;Myth Warriors;Character;2.708333333;43.91891892
OEL manga;Ninja High School Hawaii;Character;2.971428571;45.41484716
OEL manga;Once in a Blue Moon;Character;2.451612903;40.86021505
OEL manga;OZ The Manga - Council with the Munchkins;Character;2.390243902;50
OEL manga;Pride and Prejudice;Character;2.454545455;30.68181818
OEL manga;Scott Pilgrim vs. The World;Character;2.409090909;30.11363636
OEL manga;Street Fighter Classic;Character;3.96;65.13157895
OEL manga;The Agents;Character;2.564102564;39.37007874
OEL manga;Tokyo Knights;Character;3.722222222;44.07894737
OEL manga;Twilight X;Character;3.206896552;58.125
Sweden;Bamse: världens starkaste björn - Bamse och Ĺrstidsnyckeln;Character;2.578947368;39.2
Sweden;Bamse: världens starkaste björn - Bamse och Farmors Kista;Character;3.625;67.44186047
Sweden;Bamse: världens starkaste björn - Bamse och Jätten Gorm;Character;2.818181818;43.05555556
Sweden;Bamse: världens starkaste björn - Bamse och Trollkarlens Smycke;Character;2.357142857;34.375
Sweden;Bamse: världens starkaste björn - Bamse: Sandslottstävlingen;Character;2.166666667;20.3125
Sweden;Bamse: världens starkaste björn - Den Mystiska Bilen;Character;2.363636364;46.42857143
Sweden;Bamse: världens starkaste björn - Drullevarg Matar Fĺglarna (fastän han inte vill);Character;3.230769231;61.76470588
Sweden;Bamse: världens starkaste björn - Fixare-sorkarna pĺ Stallstigen;Character;2.4;46.15384615
Sweden;Bamse: världens starkaste björn - Katten Jansen och Husmusen Hjälper Till;Character;5.333333333;88.88888889
Sweden;Bamse: världens starkaste björn - Krosus Gladland II;Character;3.181818182;39.77272727
Sweden;Bamse: världens starkaste björn - Lille Skutt I Fotbolls-VM;Character;2.3;27.71084337
Sweden;Bamse: världens starkaste björn - Mini-Hop och Barnvakten;Character;3.625;69.04761905
Sweden;Bamse: världens starkaste björn - Om Fotboll;Character;0;0
Sweden;Bamse: världens starkaste björn - Om Sandslott;Character;2;20
Sweden;Bamse: världens starkaste björn - Pellefant: Snöballskriget;Character;2.166666667;40.625
Sweden;Bamse: världens starkaste björn - Professor Murmeldjur har Brĺttom;Character;3.8;63.33333333
Sweden;Bamse: världens starkaste björn - Skalman och Mullvalen;Character;2.583333333;31.63265306
Sweden;Bamse: världens starkaste björn - Sorktyg i Skogen II;Character;3;53.57142857
Sweden;Bamse: världens starkaste björn - Teddy Blir Detektiv;Character;2.894736842;51.40186916
Sweden;Bamse: världens starkaste björn - Tidsresan: Bamse och de Mystiska Strĺlarna ;Character;2.636363636;34.52380952
Sweden;Bamse: världens starkaste björn - Vargen och Klockkuppen;Character;2.941176471;53.19148936
Sweden;Hälge: Varning för älgskador!;Character;3.40625;85.82677165
Sweden;Herman Hedning;Character;3.166666667;74.02597403
USA;1;Character;2.913043478;48.20143885
USA;Action Comics - The Menace of Metallo;Character;3.125;69.44444444
USA;Action Comics - The Supergirl from Krypton!;Character;3.533333333;67.08860759
USA;Amazing Spider-man - Back in Black;Character;3.25;52.96296296
USA;Amazing Spider-Man - Shaw's Gambit;Character;3.088235294;49.52830189
USA;Andre the Giant: Life and Legend;Character;2.7;41.22137405
USA;Arch Enemies One Hero. One Villan. On Apartment;Character;3.214285714;48.91304348
USA;B.P.R.D. - The Black Flame;Character;2.956521739;33.33333333
USA;Batman The Dark Knight - A Rush of Blood;Character;2.959183673;61.1814346
USA;Batman:The Killing Joke;Character;3.538461538;69.17293233
USA;Black Hood - Crime Goes to College;Character;2.962962963;47.05882353
USA;Black Hood - The Case of the Medical Murderer;Character;2.666666667;52.45901639
USA;Black Panther - Back to Africa: Part one;Character;2.5625;39.42307692
USA;Blankets;Character;3.529411765;46.875
USA;Blessed Thistle;Character;3;61.9266055
USA;Blue Beetle - Joan;Character;0;0
USA;Blue Beetle - The Man Who Stole 24 Hours;Character;2.625;37.5
USA;Blue Beetle - The Masks of Mystery;Character;2.5;44.64285714
USA;Boxers;Character;2.75;16.17647059
USA;Brain Boy - Pirates of the Air;Character;2.714285714;49.35064935
USA;Captain America  - Blood Stone;Character;4.777777778;46.73913043
USA;Captain America  - U.S. Agent, Siege, Night of the Scourge part one;Character;3;68.18181818
USA;Captain Atom - The Gremlins from the Planet Blue;Character;2.916666667;33.98058252
USA;Captain Marvel Adventures - Capt. Marvel -Out West-;Character;4;43.95604396
USA;Captain Marvel Adventures - Captain Marvel Battles the Vampire;Character;3.285714286;76.66666667
USA;Captain Marvel Adventures - Captain Marvel Vs. Z;Character;3.15;65.625
USA;Captain Marvel Adventures - The Monsters of Saturn;Character;2.428571429;48.57142857
USA;"Captain Midnight - ""Secret Sub""";Character;2.428571429;31.48148148
USA;Captain Midnight - The Murder Trap;Character;3.058823529;47.27272727
USA;Constantine - The Spark and the Flame Part 1: The Price We Pay;Character;2.970588235;68.24324324
USA;Daredevil - Guardian Devil;Character;3.08;57.89473684
USA;Daredevil - The Mysterious Masked Matador;Character;3.387755102;63.84615385
USA;Darkness Resurrection;Character;3.025641026;57.56097561
USA;Deadpool - Bullseye part two;Character;3.611111111;69.89247312
USA;Detective Comics - The Laughing Fish;Character;3.285714286;50.43859649
USA;DMZ Body of a Journalist;Character;3.611111111;36.11111111
USA;Doll Man - Monster of the Mire;Character;3.25;65
USA;Doll Man - The Troll;Character;3.9;79.59183673
USA;Fantastic Four - Skyfall;Character;3.428571429;52.74725275
USA;Far Arden;Character;2.3;38.98305085
USA;Fierce;Character;2.925925926;34.95575221
USA;Green Lantern - No evil shall escape my sight;Character;2.555555556;44.23076923
USA;Green Lantern Corps - Sacrifice of Will;Character;2.818181818;17.22222222
USA;Green Lantern: Rebirth - Rings;Character;3.046511628;50.38461538
USA;Heck;Character;2.333333333;35.22012579
USA;Justice League of America - The Great Identity Crisis!;Character;2.4375;35.77981651
USA;Lady Luck - Charity Ball;Character;2.571428571;34.61538462
USA;Lady Luck - Pirate Mansion;Character;3.066666667;58.2278481
USA;Lady Luck - The Count;Character;2.666666667;50
USA;Lady Luck - The Pyramid Club;Character;2.692307692;60.34482759
USA;Lars of Mars -  The Terror Weapon;Character;2.8;57.53424658
USA;Lars of Mars - The Crucial Game;Character;2.625;47.72727273
USA;Lars of Mars - The Earthshaker;Character;2.571428571;42.85714286
USA;Lars of Mars - The Terror Weapon;Character;3.142857143;60.2739726
USA;Nick Fury Agent of S.H.I.E.L.D. - Who is Scorpio;Character;3.038461538;40.51282051
USA;NorthWest Passage;Character;2.769230769;39.56043956
USA;Plastic Man - The Expander Device;Character;3.25;67.70833333
USA;Rising Stars -  Voices of the Dead Bright;Character;3.1875;55.13513514
USA;Same Difference;Character;3.185185185;49.71098266
USA;Savage Dragon - The End;Character;2.647058824;39.47368421
USA;Set to Sea;Character;3.571428571;37.31343284
USA;Shackleton Antarctic Odyssey;Character;2.866666667;30.28169014
USA;Star Wars Empire;Character;2.5;20.83333333
USA;Sumo;Character;3.5;47.05882353
USA;Superman Batman Absolute Power - Absolute Power;Character;3.294117647;39.43661972
USA;The Avengers - The Wrath of the Weathermen;Character;2.857142857;36.03603604
USA;The Blue Beetle - The MadMen;Character;2.620689655;60.8
USA;The Flame - Dr. Ivan's Insurance Bombing Racket.;Character;3.266666667;67.12328767
USA;The Flash - Flashing Wheels;Character;3.071428571;60.56338028
USA;The Incredible Hulk - Best Intentions;Character;2.588235294;40
USA;The Invincible Iron Man - Ten Rings to Rule the World;Character;2.631578947;57.47126437
USA;The Punisher - Blackout;Character;3.1;52.18855219
USA;The Punisher - Do Not Fall in New York City;Character;2.857142857;25
USA;The Story of Roberto Clemente;Character;3.214285714;31.91489362
USA;Uncanny X-men;Character;2.516129032;26
USA;Venom: Funeral Pyre - High Tension;Character;2.833333333;53.68421053
USA;Wolverine - Not dead yet part;Character;3.375;69.23076923
USA;Wonder Woman - His Name is Psycho;Character;3.105263158;43.38235294
USA;Wonder Woman - The Huntress;Character;3.272727273;67.9245283
